CD_ESCOLA,NM_ESCOLA,CD_MUNICIPIO,NM_MUNICIPIO,CD_REGIONAL,NM_REGIONAL,NU_ACERTO,NU_TOTAL,TX_ACERTO
32000057,EEEFM SEBASTIAO COIMBRA ELIZEU,3200169,AGUA DOCE DO NORTE,32,SRE BARRA DE SAO FRANCISCO,3167.0,6800.0,46.5735294117647
32000480,EEEFM OLEGARIO MARTINS,3200169,AGUA DOCE DO NORTE,32,SRE BARRA DE SAO FRANCISCO,569.0,1500.0,37.93333333333333
32000499,EEEFM DERMEVAL LEITE RIBEIRO,3200169,AGUA DOCE DO NORTE,32,SRE BARRA DE SAO FRANCISCO,1457.0,2820.0,51.666666666666664
32000979,EEEFM GOVERNADOR LINDENBERG,3200904,BARRA DE SAO FRANCISCO,32,SRE BARRA DE SAO FRANCISCO,4481.0,11600.0,38.62931034482759
32000987,CEEFMTI JOAO XXIII,3200904,BARRA DE SAO FRANCISCO,32,SRE BARRA DE SAO FRANCISCO,5131.0,9800.0,52.357142857142854
32001592,EEEF ITA,3200904,BARRA DE SAO FRANCISCO,32,SRE BARRA DE SAO FRANCISCO,374.0,560.0,66.78571428571429
32001606,EEEFM ALADIM SILVESTRE DE ALMEIDA,3200904,BARRA DE SAO FRANCISCO,32,SRE BARRA DE SAO FRANCISCO,1366.0,2960.0,46.148648648648646
32001916,EEEFM PROFESSORA ASCENDINA FEITOSA,3200904,BARRA DE SAO FRANCISCO,32,SRE BARRA DE SAO FRANCISCO,2231.0,4380.0,50.93607305936073
32002408,EEEF FRANCISCO LOURENCO ANDRADE,3200904,BARRA DE SAO FRANCISCO,32,SRE BARRA DE SAO FRANCISCO,221.0,460.0,48.04347826086956
32002939,CEEFMTI DANIEL COMBONI,3202108,ECOPORANGA,32,SRE BARRA DE SAO FRANCISCO,1745.0,3920.0,44.515306122448976
32002971,EEEF PATRIMONIO PRATA DOS BAIANOS,3202108,ECOPORANGA,32,SRE BARRA DE SAO FRANCISCO,164.0,340.0,48.23529411764706
32002998,EEEF SANTA TEREZINHA,3202108,ECOPORANGA,32,SRE BARRA DE SAO FRANCISCO,545.0,940.0,57.97872340425532
32003005,EEEFM ECOPORANGA,3202108,ECOPORANGA,32,SRE BARRA DE SAO FRANCISCO,6408.0,13200.0,48.54545454545455
32003498,EEEF COTAXE,3202108,ECOPORANGA,32,SRE BARRA DE SAO FRANCISCO,503.0,760.0,66.1842105263158
32003595,EEEFM JOSE TEIXEIRA FIALHO,3202108,ECOPORANGA,32,SRE BARRA DE SAO FRANCISCO,1212.0,2260.0,53.6283185840708
32003790,EEEFM DE JOASSUBA SR ANTONIO PATRICIO DE FONTOURA,3202108,ECOPORANGA,32,SRE BARRA DE SAO FRANCISCO,1257.0,2980.0,42.18120805369127
32004273,EEEFM CHRISTIANO DIAS LOPES,3203304,MANTENOPOLIS,32,SRE BARRA DE SAO FRANCISCO,3397.0,6700.0,50.701492537313435
32004303,EEEFM JOB PIMENTEL,3203304,MANTENOPOLIS,32,SRE BARRA DE SAO FRANCISCO,1800.0,4000.0,45.0
32004532,EEEFM PALMERINDO VIEIRA CAMPOS,3203304,MANTENOPOLIS,32,SRE BARRA DE SAO FRANCISCO,1048.0,2320.0,45.172413793103445
32005067,CEIER DE AGUIA BRANCA,3200136,AGUIA BRANCA,32,SRE BARRA DE SAO FRANCISCO,1658.0,3200.0,51.8125
32005105,EEEFM PROFESSORA ANA MARIA CARLETTI QUIUQUI,3200136,AGUIA BRANCA,32,SRE BARRA DE SAO FRANCISCO,2950.0,6440.0,45.807453416149066
32005601,CEIER DE BOA ESPERANCA,3201001,BOA ESPERANCA,33,SRE NOVA VENECIA,1365.0,3120.0,43.75
32005652,EEEFM ANTONIO DOS SANTOS NEVES,3201001,BOA ESPERANCA,33,SRE NOVA VENECIA,3301.0,7480.0,44.13101604278075
32005954,EEEFM SOBRADINHO,3201001,BOA ESPERANCA,33,SRE NOVA VENECIA,2463.0,3660.0,67.29508196721312
32006292,EEEFM PADRE JOSIMO,3203908,NOVA VENECIA,33,SRE NOVA VENECIA,76.0,120.0,63.333333333333336
32006330,EEEFM PROF ANA PORTELA DE SA,3205150,VILA PAVAO,33,SRE NOVA VENECIA,1914.0,3620.0,52.87292817679558
32006349,EEEM DOM DANIEL COMBONI,3203908,NOVA VENECIA,33,SRE NOVA VENECIA,10447.0,19080.0,54.75366876310272
32007000,CEIER DE VILA PAVAO,3205150,VILA PAVAO,33,SRE NOVA VENECIA,1184.0,2620.0,45.19083969465649
32007175,EEEFM ALARICO JOSE DE LIMA,3203908,NOVA VENECIA,33,SRE NOVA VENECIA,1709.0,3460.0,49.39306358381503
32007485,EEPEF FAZENDA JACUTINGA,3203908,NOVA VENECIA,33,SRE NOVA VENECIA,10.0,20.0,50.0
32007515,EEEFM JOSE ZAMPROGNO,3203908,NOVA VENECIA,33,SRE NOVA VENECIA,1338.0,2400.0,55.75
32007744,EEEFM JOSE ANTONIO DA SILVA ONOFRE,3203908,NOVA VENECIA,33,SRE NOVA VENECIA,104.0,200.0,52.0
32007779,EEUEF VALDIVINO GROONER,3204708,SAO GABRIEL DA PALHA,33,SRE NOVA VENECIA,160.0,200.0,80.0
32007876,CEEFMTI GOVERNADOR GERSON CAMATA,3204708,SAO GABRIEL DA PALHA,33,SRE NOVA VENECIA,2254.0,4620.0,48.78787878787879
32007965,EEUEF CORREGO BLEY,3204708,SAO GABRIEL DA PALHA,33,SRE NOVA VENECIA,147.0,160.0,91.875
32007973,EEUEF CORREGO COMPRIDO,3204708,SAO GABRIEL DA PALHA,33,SRE NOVA VENECIA,43.0,60.0,71.66666666666667
32007981,EEEFM CORREGO DA LAPA,3204708,SAO GABRIEL DA PALHA,33,SRE NOVA VENECIA,182.0,260.0,70.0
32008007,EEEF CORREGO DAS ARARAS,3204708,SAO GABRIEL DA PALHA,33,SRE NOVA VENECIA,51.0,60.0,85.0
32008066,EEEF FAZENDA SUAVE,3204708,SAO GABRIEL DA PALHA,33,SRE NOVA VENECIA,73.0,80.0,91.25
32008104,EEEFM SAO JOAO BATISTA,3204708,SAO GABRIEL DA PALHA,33,SRE NOVA VENECIA,107.0,120.0,89.16666666666667
32008112,EEUEF SAO SALVADOR,3204708,SAO GABRIEL DA PALHA,33,SRE NOVA VENECIA,78.0,100.0,78.0
32008198,EEUEF CORREGO IRACEMA,3204708,SAO GABRIEL DA PALHA,33,SRE NOVA VENECIA,18.0,20.0,90.0
32008201,EEEFM FAZENDA LOVO,3204708,SAO GABRIEL DA PALHA,33,SRE NOVA VENECIA,24.0,40.0,60.0
32008236,EEEFM VERA CRUZ,3204708,SAO GABRIEL DA PALHA,33,SRE NOVA VENECIA,1121.0,2320.0,48.31896551724138
32008473,EEEF CORREGO QUEIXADA,3204708,SAO GABRIEL DA PALHA,33,SRE NOVA VENECIA,339.0,580.0,58.44827586206897
32008481,EEEF VALERIO,3205176,VILA VALERIO,33,SRE NOVA VENECIA,1558.0,2000.0,77.9
32008503,EEEFM ATILIO VIVACQUA,3205176,VILA VALERIO,33,SRE NOVA VENECIA,5662.0,8900.0,63.61797752808989
32008520,EEUEF ALTO VALERIO,3205176,VILA VALERIO,33,SRE NOVA VENECIA,71.0,120.0,59.166666666666664
32008627,EEUEF DUAS BARRAS,3204708,SAO GABRIEL DA PALHA,33,SRE NOVA VENECIA,70.0,80.0,87.5
32009038,EEEFM PASTOR ANTONIO NUNES DE CARVALHO,3200359,ALTO RIO NOVO,34,SRE COLATINA,4231.0,8400.0,50.36904761904762
32009402,EEEFM DR JONES DOS SANTOS NEVES,3200805,BAIXO GUANDU,34,SRE COLATINA,922.0,2040.0,45.19607843137255
32009461,EEEFM JOSE DAMASCENO FILHO,3200805,BAIXO GUANDU,34,SRE COLATINA,2992.0,7720.0,38.75647668393783
32010699,EEEFM PROFESSORA NEA MONTEIRO COSTA,3201506,COLATINA,34,SRE COLATINA,3856.0,7940.0,48.56423173803527
32010702,CEEFMTI CONDE DE LINHARES,3201506,COLATINA,34,SRE COLATINA,2868.0,5700.0,50.31578947368421
32010710,EEEFM GERALDO VARGAS NOGUEIRA,3201506,COLATINA,34,SRE COLATINA,8318.0,16880.0,49.27725118483412
32010729,EEEFM HONORIO FRAGA,3201506,COLATINA,34,SRE COLATINA,6751.0,13060.0,51.69218989280245
32010745,EEEFM PROF CAROLINA PICHLER,3201506,COLATINA,34,SRE COLATINA,978.0,1860.0,52.58064516129032
32010753,EEEFM RUBENS RANGEL,3201506,COLATINA,34,SRE COLATINA,4885.0,10800.0,45.23148148148148
32011709,EEEF DR MOACIR AVIDOS,3202256,GOVERNADOR LINDENBERG,34,SRE COLATINA,1128.0,2320.0,48.62068965517241
32011717,EEEFM PROFESSOR SANTOS PINTO,3202256,GOVERNADOR LINDENBERG,34,SRE COLATINA,2092.0,4960.0,42.17741935483871
32012420,EEEFM IRINEU MORELLO,3202256,GOVERNADOR LINDENBERG,34,SRE COLATINA,1665.0,2980.0,55.87248322147651
32012438,EEEFM PROF CARLOS MENDES,3202256,GOVERNADOR LINDENBERG,34,SRE COLATINA,1868.0,2920.0,63.97260273972603
32012713,EEEFM PADRE ANTONIO VOLKERS,3203353,MARILANDIA,34,SRE COLATINA,3847.0,8480.0,45.365566037735846
32013272,EEEFM ARARIBOIA,3204005,PANCAS,34,SRE COLATINA,1367.0,3560.0,38.39887640449438
32013728,EEEFM SEBASTIANA GRILO,3204005,PANCAS,34,SRE COLATINA,2561.0,5540.0,46.227436823104696
32013906,EEEFM JANUARIO RIBEIRO,3204005,PANCAS,34,SRE COLATINA,1905.0,3580.0,53.212290502793294
32014236,EEEFM SAO DOMINGOS,3204658,SAO DOMINGOS DO NORTE,34,SRE COLATINA,2514.0,5800.0,43.3448275862069
32014597,EEEFM DOM JOSE DALVIT,3203502,MONTANHA,33,SRE NOVA VENECIA,2716.0,7160.0,37.93296089385475
32014627,CEEFMTI PROFESSOR ELPIDIO CAMPOS DE OLIVEIRA,3203502,MONTANHA,33,SRE NOVA VENECIA,1708.0,3420.0,49.941520467836256
32014708,EEEFM BELA VISTA,3203502,MONTANHA,33,SRE NOVA VENECIA,57.0,80.0,71.25
32014724,EEPEF FRANCISCO DOMINGOS RAMOS,3203502,MONTANHA,33,SRE NOVA VENECIA,33.0,40.0,82.5
32014775,EEEFM PADRE MANOEL DA NOBREGA,3203502,MONTANHA,33,SRE NOVA VENECIA,842.0,2200.0,38.27272727272727
32015070,EEEFM PROF MARIA MAGDALENA DA SILVA,3204252,PONTO BELO,33,SRE NOVA VENECIA,4644.0,7460.0,62.25201072386059
32015089,EEEFM DE MUCURICI,3203601,MUCURICI,33,SRE NOVA VENECIA,1951.0,4640.0,42.047413793103445
32015496,EEEFM MARGEM DO ITAUNINHAS,3204104,PINHEIROS,33,SRE NOVA VENECIA,311.0,680.0,45.73529411764706
32015550,EEEFM SAO JOAO DO SOBRADO,3204104,PINHEIROS,33,SRE NOVA VENECIA,2343.0,3980.0,58.869346733668344
32015631,EEEM NOSSA SENHORA DE LOURDES,3204104,PINHEIROS,33,SRE NOVA VENECIA,5146.0,10940.0,47.03839122486289
32016158,EEEM PROF JOAQUIM FONSECA,3201605,CONCEICAO DA BARRA,31,SRE SAO MATEUS,5148.0,7760.0,66.34020618556701
32016352,EEEF ASSENTAMENTO UNIAO,3201605,CONCEICAO DA BARRA,31,SRE SAO MATEUS,439.0,760.0,57.76315789473684
32016387,EEEFM JOSE CARLOS CASTRO,3201605,CONCEICAO DA BARRA,31,SRE SAO MATEUS,4307.0,9040.0,47.64380530973451
32016441,EEPEF SAO BENEDITO,3201605,CONCEICAO DA BARRA,31,SRE SAO MATEUS,51.0,120.0,42.5
32016506,EEEFM CORREGO DO CEDRO,3201605,CONCEICAO DA BARRA,31,SRE SAO MATEUS,530.0,720.0,73.61111111111111
32016573,EEEFM XIII DE SETEMBRO,3204906,SAO MATEUS,31,SRE SAO MATEUS,586.0,760.0,77.10526315789474
32016662,EEEFM IRMA TEREZA ALTOE,3203056,JAGUARE,31,SRE SAO MATEUS,4144.0,8820.0,46.98412698412698
32016700,EEEM PEDRO PAULO GROBERIO,3203056,JAGUARE,31,SRE SAO MATEUS,6081.0,12440.0,48.88263665594855
32017243,EEEFM DR EDWARD ABREU DO NASCIMENTO,3204054,PEDRO CANARIO,31,SRE SAO MATEUS,4283.0,9540.0,44.895178197064986
32017286,EEEF PEDRO CANARIO RIBEIRO,3204054,PEDRO CANARIO,31,SRE SAO MATEUS,1802.0,4440.0,40.585585585585584
32017316,EEEF TRES DE MAIO,3204054,PEDRO CANARIO,31,SRE SAO MATEUS,796.0,1200.0,66.33333333333333
32017391,CEEFMTI MANOEL DUARTE DA CUNHA,3204054,PEDRO CANARIO,31,SRE SAO MATEUS,2166.0,4240.0,51.08490566037736
32017529,EEEFM PROF LUIZA BASTOS FARIA,3204054,PEDRO CANARIO,31,SRE SAO MATEUS,2345.0,4120.0,56.91747572815534
32017952,EEEFM AMERICO SILVARES,3204906,SAO MATEUS,31,SRE SAO MATEUS,1434.0,2680.0,53.507462686567166
32017995,EEEFM DR EMILIO ROBERTO ZANOTTI,3204906,SAO MATEUS,31,SRE SAO MATEUS,4332.0,7560.0,57.301587301587304
32018045,EEEF EGIDIO BORDONI,3204906,SAO MATEUS,31,SRE SAO MATEUS,2060.0,2400.0,85.83333333333333
32018061,EEEFM PIO XII,3204906,SAO MATEUS,31,SRE SAO MATEUS,1542.0,2900.0,53.172413793103445
32018096,EEEFM SANTO ANTONIO,3204906,SAO MATEUS,31,SRE SAO MATEUS,7028.0,14700.0,47.80952380952381
32018100,CEEFMTI MARITA MOTTA SANTOS,3204906,SAO MATEUS,31,SRE SAO MATEUS,3014.0,5360.0,56.23134328358209
32018169,EEEM CECILIANO ABEL DE ALMEIDA,3204906,SAO MATEUS,31,SRE SAO MATEUS,15216.0,24460.0,62.20768601798855
32019050,EEEFM CORREGO DE SANTA MARIA,3204906,SAO MATEUS,31,SRE SAO MATEUS,2327.0,4760.0,48.88655462184874
32019270,EEEF 27 DE OUTUBRO,3204906,SAO MATEUS,31,SRE SAO MATEUS,472.0,720.0,65.55555555555556
32019343,EEPEF PADRE EZEQUIEL,3204906,SAO MATEUS,31,SRE SAO MATEUS,35.0,80.0,43.75
32019378,EEPEF VALE DA VITORIA,3204906,SAO MATEUS,31,SRE SAO MATEUS,161.0,420.0,38.333333333333336
32019459,EEEFM NESTOR GOMES,3204906,SAO MATEUS,31,SRE SAO MATEUS,4362.0,10940.0,39.87202925045704
32019807,CEEMTI MONSENHOR GUILHERME SCHMITZ,3200607,ARACRUZ,30,SRE LINHARES,9664.0,13060.0,73.9969372128637
32020023,EEEFM PROFESSOR APARICIO ALVARENGA,3200607,ARACRUZ,30,SRE LINHARES,2429.0,6080.0,39.95065789473684
32020180,EEEFM DYLIO PENEDO,3200607,ARACRUZ,30,SRE LINHARES,2194.0,5880.0,37.31292517006803
32020333,EEEFM ERMENTINA LEAL,3200607,ARACRUZ,30,SRE LINHARES,3140.0,6420.0,48.90965732087228
32020341,EEEFM CABOCLO BERNARDO,3200607,ARACRUZ,30,SRE LINHARES,3135.0,6600.0,47.5
32020643,EEEFM PRIMO BITTI,3200607,ARACRUZ,30,SRE LINHARES,4652.0,9700.0,47.95876288659794
32020910,CEEFMTI NAIR MIRANDA,3202207,FUNDAO,27,SRE CARAPINA,1501.0,3220.0,46.61490683229814
32021194,EEEFM NARCEU DE PAIVA FILHO,3202504,IBIRACU,30,SRE LINHARES,2368.0,5600.0,42.285714285714285
32021259,EEEFM NOSSA SENHORA DA SAUDE,3202504,IBIRACU,30,SRE LINHARES,2420.0,4520.0,53.53982300884956
32021550,EEEFM JOAO NEIVA,3203130,JOAO NEIVA,30,SRE LINHARES,2913.0,6280.0,46.38535031847134
32021933,CEEFMTI BARTOUVINO COSTA,3203205,LINHARES,30,SRE LINHARES,4934.0,11300.0,43.663716814159294
32022050,EEEFM JOSE DE CALDAS BRITO,3203205,LINHARES,30,SRE LINHARES,9306.0,11360.0,81.91901408450704
32022158,EEEFM PROFESSORA REGINA BANHOS PAIXAO,3203205,LINHARES,30,SRE LINHARES,5163.0,11280.0,45.77127659574468
32022212,EEEFM POLIVALENTE DE LINHARES I,3203205,LINHARES,30,SRE LINHARES,4730.0,11360.0,41.63732394366197
32022360,EEEM EMIR DE MACEDO GOMES,3203205,LINHARES,30,SRE LINHARES,14203.0,31360.0,45.29017857142857
32022778,EEEFM PROFESSOR MANOEL ABREU,3203205,LINHARES,30,SRE LINHARES,4462.0,10460.0,42.65774378585086
32023014,EEEFM ARMANDO BARBOSA QUITIBA,3205010,SOORETAMA,30,SRE LINHARES,4139.0,10940.0,37.83363802559415
32023685,EEEFM VILA REGENCIA,3203205,LINHARES,30,SRE LINHARES,817.0,1660.0,49.21686746987952
32024134,EEEFM FAZENDA AMORIM,3205176,VILA VALERIO,33,SRE NOVA VENECIA,128.0,160.0,80.0
32024240,EEUEF CORREGO DO PAVAO,3205176,VILA VALERIO,33,SRE NOVA VENECIA,57.0,60.0,95.0
32024410,EEUEF NOVA JERUSALEM,3205176,VILA VALERIO,33,SRE NOVA VENECIA,70.0,120.0,58.333333333333336
32024550,EEEFM MANOEL SALUSTIANO DE SOUZA,3203205,LINHARES,30,SRE LINHARES,3111.0,5820.0,53.45360824742268
32025149,EEEFM BANANAL,3204351,RIO BANANAL,30,SRE LINHARES,3399.0,8640.0,39.34027777777778
32025920,CEEFMTI AFONSO CLAUDIO,3200102,AFONSO CLAUDIO,37,SRE AFONSO CLAUDIO,1417.0,2420.0,58.553719008264466
32026480,EEEFM LEOGILDO SEVERIANO DE SOUZA,3201159,BREJETUBA,37,SRE AFONSO CLAUDIO,695.0,1300.0,53.46153846153846
32026536,EEEFM MARLENE BRANDAO,3201159,BREJETUBA,37,SRE AFONSO CLAUDIO,1555.0,3300.0,47.121212121212125
32026552,EEEFM ALVARO CASTELO,3201159,BREJETUBA,37,SRE AFONSO CLAUDIO,2313.0,5420.0,42.67527675276753
32026846,EEEFM SAO JORGE,3201159,BREJETUBA,37,SRE AFONSO CLAUDIO,1187.0,2760.0,43.007246376811594
32027206,EEEFM JOSE ROBERTO CHRISTO,3200102,AFONSO CLAUDIO,37,SRE AFONSO CLAUDIO,1158.0,2300.0,50.34782608695652
32027532,EEEFM FAZENDA CAMPORES,3201159,BREJETUBA,37,SRE AFONSO CLAUDIO,1111.0,1680.0,66.13095238095238
32027540,EEEFM JOSE GIESTAS,3200102,AFONSO CLAUDIO,37,SRE AFONSO CLAUDIO,1719.0,3400.0,50.55882352941177
32027567,EEEFM MARIA DE ABREU ALVIM,3200102,AFONSO CLAUDIO,37,SRE AFONSO CLAUDIO,1900.0,4140.0,45.893719806763286
32027753,EEEFM ELVIRA BARROS,3200102,AFONSO CLAUDIO,37,SRE AFONSO CLAUDIO,2050.0,3360.0,61.01190476190476
32028059,EEEFM PROF ALDY SOARES MERCON VARGAS,3201704,CONCEICAO DO CASTELO,37,SRE AFONSO CLAUDIO,3864.0,7200.0,53.666666666666664
32028580,EEEFM TEOFILO PAULINO,3201902,DOMINGOS MARTINS,37,SRE AFONSO CLAUDIO,5365.0,10280.0,52.188715953307394
32028806,EEEFM PEDRA AZUL,3201902,DOMINGOS MARTINS,37,SRE AFONSO CLAUDIO,2046.0,4160.0,49.18269230769231
32029012,EEEFM VICTORIO BRAVIM,3203346,MARECHAL FLORIANO,29,SRE CARIACICA,3664.0,6420.0,57.07165109034268
32029292,EEEFM GISELA SALLOKER FAYET,3201902,DOMINGOS MARTINS,37,SRE AFONSO CLAUDIO,3169.0,5240.0,60.47709923664122
32029306,EEEFM PONTO DO ALTO,3201902,DOMINGOS MARTINS,37,SRE AFONSO CLAUDIO,2899.0,5180.0,55.965250965250966
32029438,EEEFM LUIZ JOUFFROY,3203163,LARANJA DA TERRA,37,SRE AFONSO CLAUDIO,2864.0,4520.0,63.36283185840708
32029594,EEEFM JOAQUIM CAETANO DE PAIVA,3203163,LARANJA DA TERRA,37,SRE AFONSO CLAUDIO,1448.0,2720.0,53.23529411764706
32029993,EEEFM EMILIO OSCAR HULLE,3203346,MARECHAL FLORIANO,29,SRE CARIACICA,4876.0,9200.0,53.0
32030142,EEEFM DOMINGOS PERIM,3205069,VENDA NOVA DO IMIGRANTE,37,SRE AFONSO CLAUDIO,1492.0,2820.0,52.90780141843972
32030150,EEEF LIBERAL ZANDONADI,3205069,VENDA NOVA DO IMIGRANTE,37,SRE AFONSO CLAUDIO,4530.0,6700.0,67.61194029850746
32030177,EEEFM FIORAVANTE CALIMAN,3205069,VENDA NOVA DO IMIGRANTE,37,SRE AFONSO CLAUDIO,6959.0,13280.0,52.40210843373494
32030584,EEEFM EURICO SALLES,3202702,ITAGUACU,34,SRE COLATINA,3900.0,7520.0,51.861702127659576
32030959,EEEFM FABIANO FRANCISCO TOMASINI,3202702,ITAGUACU,34,SRE COLATINA,529.0,580.0,91.20689655172414
32030983,EEEFM ALFREDO LEMOS,3202702,ITAGUACU,34,SRE COLATINA,1303.0,2440.0,53.40163934426229
32031238,EEEFM ALTO JATIBOCAS,3202900,ITARANA,34,SRE COLATINA,1290.0,2240.0,57.589285714285715
32031270,EEEF PROF JOSUE BALDOTTO,3202900,ITARANA,34,SRE COLATINA,572.0,760.0,75.26315789473684
32031289,EEEFM PROF ALEYDE COSME,3202900,ITARANA,34,SRE COLATINA,3642.0,6120.0,59.509803921568626
32031661,EEEFM ALICE HOLZMEISTER,3204500,SANTA LEOPOLDINA,29,SRE CARIACICA,2786.0,5720.0,48.70629370629371
32032200,EEEFM FREDERICO BOLDT,3204559,SANTA MARIA DE JETIBA,37,SRE AFONSO CLAUDIO,2433.0,4760.0,51.11344537815126
32032234,EEEFM SAO LUIS,3204559,SANTA MARIA DE JETIBA,37,SRE AFONSO CLAUDIO,3477.0,6760.0,51.43491124260355
32032269,EEEFM PROF HERMANN BERGER,3204559,SANTA MARIA DE JETIBA,37,SRE AFONSO CLAUDIO,3055.0,5520.0,55.344202898550726
32032277,EEEFM GRACA ARANHA,3204559,SANTA MARIA DE JETIBA,37,SRE AFONSO CLAUDIO,12907.0,17380.0,74.26352128883775
32032579,EEEFM FAZENDA EMILIO SCHROEDER,3204559,SANTA MARIA DE JETIBA,37,SRE AFONSO CLAUDIO,1948.0,3520.0,55.34090909090909
32032633,EEEFM ALTO RIO POSSMOSER,3204559,SANTA MARIA DE JETIBA,37,SRE AFONSO CLAUDIO,2694.0,4960.0,54.314516129032256
32032951,EEEFM JOSE PINTO COELHO,3204609,SANTA TERESA,27,SRE CARAPINA,3309.0,7540.0,43.88594164456234
32033443,EEUEF MARIA JULITA,3204609,SANTA TERESA,27,SRE CARAPINA,55.0,100.0,55.0
32033478,EEEFM FREDERICO PRETTI,3204609,SANTA TERESA,27,SRE CARAPINA,3466.0,5780.0,59.965397923875436
32033540,EEEFM DAVID ROLDI,3204955,SAO ROQUE DO CANAA,34,SRE COLATINA,2557.0,5680.0,45.017605633802816
32033745,EEEFM CEL OLIMPIO CUNHA,3201308,CARIACICA,29,SRE CARIACICA,4007.0,12380.0,32.36672051696284
32033796,EEEFM MARIA DE LOURDES POYARES LABUTO,3201308,CARIACICA,29,SRE CARIACICA,3974.0,9900.0,40.14141414141414
32033826,EEEFM JOSE RODRIGUES COUTINHO,3201308,CARIACICA,29,SRE CARIACICA,3224.0,6540.0,49.296636085626915
32033940,EEEFM SATURNINO RANGEL MAURO,3201308,CARIACICA,29,SRE CARIACICA,4076.0,10840.0,37.601476014760145
32034016,EEEFM ANA LOPES BALESTRERO,3201308,CARIACICA,29,SRE CARIACICA,3446.0,10940.0,31.49908592321755
32034040,EEEFM SAO JOAO BATISTA - CARIACICA,3201308,CARIACICA,29,SRE CARIACICA,5598.0,15320.0,36.54046997389034
32034636,EEEFMTI ITAGIBA ESCOBAR,3201308,CARIACICA,29,SRE CARIACICA,1626.0,3140.0,51.78343949044586
32034644,EEEFM JOSE VITOR FILHO,3201308,CARIACICA,29,SRE CARIACICA,5262.0,10540.0,49.92409867172675
32034652,EEEFM JESUS CRISTO REI,3201308,CARIACICA,29,SRE CARIACICA,4307.0,12140.0,35.477759472817134
32034679,EEEFM JOAO CRISOSTOMO BELESA,3201308,CARIACICA,29,SRE CARIACICA,5539.0,13540.0,40.908419497784344
32034741,EEEFM MARIANO FIRME DE SOUZA,3201308,CARIACICA,29,SRE CARIACICA,2574.0,5400.0,47.666666666666664
32034814,CEEFTI PRESIDENTE CASTELO BRANCO,3201308,CARIACICA,29,SRE CARIACICA,1624.0,3360.0,48.333333333333336
32034857,CEEFMTI PROFESSORA MARIA PENEDO,3201308,CARIACICA,29,SRE CARIACICA,2965.0,6460.0,45.89783281733746
32034920,EEEF STELLITA RAMOS,3201308,CARIACICA,29,SRE CARIACICA,1834.0,4080.0,44.950980392156865
32034954,EEEFM THEODOMIRO RIBEIRO COELHO,3201308,CARIACICA,29,SRE CARIACICA,4137.0,7580.0,54.577836411609496
32035004,EEEFM ALZIRA RAMOS,3201308,CARIACICA,29,SRE CARIACICA,4182.0,11460.0,36.49214659685864
32035012,EEEFM ARY PARREIRAS,3201308,CARIACICA,29,SRE CARIACICA,5358.0,12920.0,41.470588235294116
32035039,EEEFM HUNNEY EVEREST PIOVESAN,3201308,CARIACICA,29,SRE CARIACICA,8425.0,21460.0,39.259086672879775
32035063,EEEFM PROF MARIA DE LOURDES SANTOS SILVA,3201308,CARIACICA,29,SRE CARIACICA,4073.0,8060.0,50.53349875930521
32035080,EEEFM PROF JOAQUIM BARBOSA QUITIBA,3201308,CARIACICA,29,SRE CARIACICA,4697.0,12460.0,37.69662921348315
32035098,CEEFMTI PROFESSOR JOSE LEAO NUNES,3201308,CARIACICA,29,SRE CARIACICA,3640.0,7680.0,47.395833333333336
32035390,EEEFM CAMPINHO,3205002,SERRA,27,SRE CARAPINA,2523.0,4740.0,53.22784810126582
32035403,EEEFM GETULIO PIMENTEL LOUREIRO,3205002,SERRA,27,SRE CARAPINA,2286.0,3700.0,61.78378378378378
32035470,EEEF PROFESSORA ADEVALNI AZEVEDO,3205002,SERRA,27,SRE CARAPINA,1436.0,2160.0,66.48148148148148
32035500,EEEFM PROFESSOR JOAO ANTUNES DAS DORES,3205002,SERRA,27,SRE CARAPINA,3978.0,10540.0,37.74193548387097
32035519,EEEFM PROF JOAO LOYOLA,3205002,SERRA,27,SRE CARAPINA,8407.0,21220.0,39.61828463713478
32035527,EEEM CLOVIS BORGES MIGUEL,3205002,SERRA,27,SRE CARAPINA,11225.0,18120.0,61.94812362030905
32036027,EEEF PREFEITO JOSE MARIA MIGUEL FEU ROSA,3205002,SERRA,27,SRE CARAPINA,1323.0,2260.0,58.53982300884956
32036051,EEEFM ANTONIO ENGRACIO DA SILVA,3205002,SERRA,27,SRE CARAPINA,750.0,1700.0,44.11764705882353
32036060,EEEFM ANTONIO LUIZ VALIATI,3205002,SERRA,27,SRE CARAPINA,2539.0,4480.0,56.674107142857146
32036086,EEEFM ARLINDO FERREIRA LOPES,3205002,SERRA,27,SRE CARAPINA,3181.0,7160.0,44.427374301675975
32036094,EEEF CARAPEBUS,3205002,SERRA,27,SRE CARAPINA,1156.0,1900.0,60.8421052631579
32036116,EEEFM D JOAO BATISTA DA MOTTA E ALBUQUERQUE,3205002,SERRA,27,SRE CARAPINA,1069.0,2120.0,50.424528301886795
32036124,EEEFM ELICE BAPTISTA GAUDIO,3205002,SERRA,27,SRE CARAPINA,6084.0,12400.0,49.064516129032256
32036167,EEEF JONES JOSE DO NASCIMENTO,3205002,SERRA,27,SRE CARAPINA,691.0,1320.0,52.34848484848485
32036175,EEEF JUDITH LEAO CASTELO RIBEIRO,3205002,SERRA,27,SRE CARAPINA,855.0,1800.0,47.5
32036183,EEEF MANOEL LOPES,3205002,SERRA,27,SRE CARAPINA,2742.0,4500.0,60.93333333333333
32036191,EEEFM MARIA PENEDO,3205002,SERRA,27,SRE CARAPINA,4736.0,8900.0,53.21348314606742
32036205,EEEFM MARINETE DE SOUZA LIRA,3205002,SERRA,27,SRE CARAPINA,8731.0,22460.0,38.873552983081034
32036213,EEEFM MARINGA,3205002,SERRA,27,SRE CARAPINA,3134.0,5220.0,60.03831417624521
32036221,EEEFM MESTRE ALVARO,3205002,SERRA,27,SRE CARAPINA,5526.0,9600.0,57.5625
32036442,EEEFM NOVA CARAPINA,3205002,SERRA,27,SRE CARAPINA,7502.0,13640.0,55.0
32036477,EEEFM MARIA JOSE ZOUAIN DE MIRANDA,3205002,SERRA,27,SRE CARAPINA,2636.0,5420.0,48.63468634686347
32036493,EEEFM PROF JURACI MACHADO,3205002,SERRA,27,SRE CARAPINA,3995.0,7620.0,52.42782152230971
32036523,EEEFM ROMULO CASTELLO,3205002,SERRA,27,SRE CARAPINA,5781.0,12060.0,47.93532338308458
32036531,EEEFM SIZENANDO PECHINCHA,3205002,SERRA,27,SRE CARAPINA,5281.0,12800.0,41.2578125
32036540,EEEF TAQUARA I,3205002,SERRA,27,SRE CARAPINA,3086.0,5280.0,58.446969696969695
32036558,EEEFM BELMIRO TEIXEIRA PIMENTA,3205002,SERRA,27,SRE CARAPINA,3923.0,10540.0,37.22011385199241
32036566,EEEFM CLOTILDE RATO,3205002,SERRA,27,SRE CARAPINA,3179.0,7180.0,44.27576601671309
32036574,EEEFM IRACEMA CONCEICAO SILVA,3205002,SERRA,27,SRE CARAPINA,4801.0,8580.0,55.955710955710956
32036582,EEEFM PROF HILDA MIRANDA NASCIMENTO,3205002,SERRA,27,SRE CARAPINA,8638.0,16020.0,53.920099875156055
32037163,EEEFM FRANCISCO NASCIMENTO,3205002,SERRA,27,SRE CARAPINA,7181.0,11100.0,64.69369369369369
32037171,EEEFM GERMANO ANDRE LUBE,3205002,SERRA,27,SRE CARAPINA,4503.0,8320.0,54.12259615384615
32037180,EEEFM JACARAIPE,3205002,SERRA,27,SRE CARAPINA,10011.0,19560.0,51.18098159509202
32037260,EEEFM SILVIO EGITO SOBRINHO,3205002,SERRA,27,SRE CARAPINA,5991.0,13380.0,44.775784753363226
32037350,EEEFM LARANJEIRAS,3205002,SERRA,27,SRE CARAPINA,3912.0,7400.0,52.86486486486486
32037368,EEEFM ARISTOBULO BARBOSA LEAO,3205002,SERRA,27,SRE CARAPINA,10544.0,23520.0,44.82993197278912
32037473,EEEF VIRGINIO PEREIRA,3205002,SERRA,27,SRE CARAPINA,2232.0,3240.0,68.88888888888889
32037775,EEEFM MARIA DE NOVAES PINHEIRO,3205101,VIANA,29,SRE CARIACICA,5575.0,15800.0,35.28481012658228
32037791,EEEFM NELSON VIEIRA PIMENTEL,3205101,VIANA,29,SRE CARIACICA,4351.0,11420.0,38.09982486865149
32038461,EEEFM TERRA VERMELHA,3205200,VILA VELHA,28,SRE VILA VELHA,3989.0,11380.0,35.05272407732865
32038488,EEEFM AGENOR DE SOUZA LE,3205200,VILA VELHA,28,SRE VILA VELHA,3642.0,8960.0,40.64732142857143
32038496,EEEFM FRANCELINA CARNEIRO SETUBAL,3205200,VILA VELHA,28,SRE VILA VELHA,6125.0,13060.0,46.8989280245023
32038500,EEEFM LUIZ MANOEL VELLOZO,3205200,VILA VELHA,28,SRE VILA VELHA,3413.0,8760.0,38.961187214611876
32038534,EEEFM PROF GERALDO COSTA ALVES,3205200,VILA VELHA,28,SRE VILA VELHA,4002.0,10720.0,37.332089552238806
32038755,EEEM GODOFREDO SCHNEIDER,3205200,VILA VELHA,28,SRE VILA VELHA,6373.0,14220.0,44.81715893108298
32038852,EEEFM ADOLFINA ZAMPROGNO,3205200,VILA VELHA,28,SRE VILA VELHA,3882.0,11000.0,35.29090909090909
32038941,EEEM DR FRANCISCO FREITAS LIMA,3205200,VILA VELHA,28,SRE VILA VELHA,2640.0,7980.0,33.08270676691729
32039085,EEEM BENICIO GONCALVES,3205200,VILA VELHA,28,SRE VILA VELHA,6678.0,16160.0,41.32425742574257
32039352,CEEFMTI ASSISOLINA ASSIS ANDRADE,3205200,VILA VELHA,28,SRE VILA VELHA,2268.0,5480.0,41.386861313868614
32039387,EEEFM CATHARINA CHEQUER,3205200,VILA VELHA,28,SRE VILA VELHA,2584.0,6360.0,40.62893081761006
32039409,EEEFM FLORENTINO AVIDOS,3205200,VILA VELHA,28,SRE VILA VELHA,6824.0,15640.0,43.631713554987215
32039417,CEEFMTI PROFESSORA MAURA ABAURRE,3205200,VILA VELHA,28,SRE VILA VELHA,2197.0,4960.0,44.29435483870968
32039565,EEEFM MARCILIO DIAS,3205200,VILA VELHA,28,SRE VILA VELHA,2727.0,5800.0,47.01724137931034
32039603,EEEFM JUDITH DA SILVA GOES COUTINHO,3205200,VILA VELHA,28,SRE VILA VELHA,2141.0,5300.0,40.39622641509434
32039727,CEEFMTI GALDINO ANTONIO VIEIRA,3205200,VILA VELHA,28,SRE VILA VELHA,2687.0,7080.0,37.951977401129945
32039867,EEEM ORMANDA GONCALVES,3205200,VILA VELHA,28,SRE VILA VELHA,9035.0,17980.0,50.25027808676307
32039883,EEEFM SILVIO ROCIO,3205200,VILA VELHA,28,SRE VILA VELHA,754.0,2120.0,35.56603773584906
32040067,EEEM COLEGIO ESTADUAL DO ESPIRITO SANTO,3205309,VITORIA,27,SRE CARAPINA,13167.0,27560.0,47.775761973875184
32040288,EEEM GOMES CARDIM,3205309,VITORIA,27,SRE CARAPINA,815.0,2240.0,36.38392857142857
32040334,EEEFM IRMA MARIA HORTA,3205309,VITORIA,27,SRE CARAPINA,7116.0,18000.0,39.53333333333333
32040695,EEEFM AFLORDIZIO CARVALHO DA SILVA,3205309,VITORIA,27,SRE CARAPINA,2557.0,8000.0,31.9625
32040725,EEEFM MAJOR ALFREDO PEDRO RABAYOLLI,3205309,VITORIA,27,SRE CARAPINA,4929.0,10700.0,46.06542056074766
32040733,EEEFM MARIA ORTIZ,3205309,VITORIA,27,SRE CARAPINA,6067.0,14580.0,41.611796982167355
32040784,CEEMTI PROF FERNANDO DUARTE RABELO,3205309,VITORIA,27,SRE CARAPINA,4512.0,12200.0,36.98360655737705
32041560,EEEFM ALMIRANTE BARROSO,3205309,VITORIA,27,SRE CARAPINA,6713.0,15440.0,43.4779792746114
32041640,EEEM ARNULPHO MATTOS,3205309,VITORIA,27,SRE CARAPINA,11663.0,23940.0,48.71762740183793
32041756,EEEFM CAMILA MOTTA,3200300,ALFREDO CHAVES,28,SRE VILA VELHA,2946.0,5140.0,57.31517509727627
32042647,EEEFM CORONEL GOMES DE OLIVEIRA,3200409,ANCHIETA,28,SRE VILA VELHA,4546.0,9600.0,47.354166666666664
32043490,EEEFM ANGELICA PAIXAO,3202405,GUARAPARI,28,SRE VILA VELHA,5161.0,11220.0,45.998217468805706
32043546,EEEM LEANDRO ESCOBAR,3202405,GUARAPARI,28,SRE VILA VELHA,2413.0,5700.0,42.333333333333336
32043554,EEEFM MANOEL ROZINDO DA SILVA,3202405,GUARAPARI,28,SRE VILA VELHA,2111.0,3900.0,54.12820512820513
32043635,EEEFM PROFESSORA MARIA DA GLORIA FLORES DA SILVA DE SOUZA,3202405,GUARAPARI,28,SRE VILA VELHA,1699.0,2540.0,66.88976377952756
32043651,EEEFM ZENOBIA LEAO,3202405,GUARAPARI,28,SRE VILA VELHA,2199.0,5720.0,38.44405594405595
32043660,EEEFM ZULEIMA FORTES FARIA,3202405,GUARAPARI,28,SRE VILA VELHA,4327.0,8700.0,49.735632183908045
32043686,EEEM DOUTOR SILVA MELLO,3202405,GUARAPARI,28,SRE VILA VELHA,10824.0,21340.0,50.72164948453608
32043694,EEEFM LYRA RIBEIRO SANTOS,3202405,GUARAPARI,28,SRE VILA VELHA,2002.0,3940.0,50.81218274111675
32043830,EEEM GUARAPARI,3202405,GUARAPARI,28,SRE VILA VELHA,4142.0,8580.0,48.27505827505828
32044364,EEEFM CEL ANTONIO DUARTE,3202603,ICONHA,35,SRE CACHOEIRO DE ITAPEMIRIM,4879.0,8980.0,54.33184855233853
32044747,EEEFM PROFESSORA FILOMENA QUITIBA,3204203,PIUMA,28,SRE VILA VELHA,5442.0,11100.0,49.027027027027025
32044950,EEEFM WALDEMIRO HEMERLY,3204401,RIO NOVO DO SUL,35,SRE CACHOEIRO DE ITAPEMIRIM,5308.0,9320.0,56.952789699570815
32045360,EEEFM PROFESSOR PEDRO SIMAO,3200201,ALEGRE,36,SRE COMENDADORA JUREMA MORETZ SOHN,2480.0,5340.0,46.441947565543074
32045379,CEEFMTI ARISTEU AGUIAR,3200201,ALEGRE,36,SRE COMENDADORA JUREMA MORETZ SOHN,2457.0,5080.0,48.36614173228347
32045719,EEEFM ANA MONTEIRO DE PAIVA,3200201,ALEGRE,36,SRE COMENDADORA JUREMA MORETZ SOHN,1469.0,2020.0,72.72277227722772
32045867,EEEFM OSCAR DE ALMEIDA GAMA,3200201,ALEGRE,36,SRE COMENDADORA JUREMA MORETZ SOHN,1126.0,1620.0,69.50617283950618
32046022,EEEFM JOSE CORRENTE,3200201,ALEGRE,36,SRE COMENDADORA JUREMA MORETZ SOHN,2457.0,3560.0,69.01685393258427
32046103,EEEFM SIRENA REZENDE FONSECA,3200201,ALEGRE,36,SRE COMENDADORA JUREMA MORETZ SOHN,1663.0,3240.0,51.32716049382716
32046197,EEEFM PROFª CELIA TEIXEIRA DO CARMO,3200201,ALEGRE,36,SRE COMENDADORA JUREMA MORETZ SOHN,3166.0,4800.0,65.95833333333333
32046383,EEEFM JUVENAL NOLASCO,3201803,DIVINO DE SAO LOURENCO,36,SRE COMENDADORA JUREMA MORETZ SOHN,2292.0,4500.0,50.93333333333333
32046634,EEEFM PEDRO DE ALCANTARA GALVEAS,3202009,DORES DO RIO PRETO,36,SRE COMENDADORA JUREMA MORETZ SOHN,3230.0,5780.0,55.88235294117647
32046642,EEEFM SAO JOSE - DORES DO RIO PRETO,3202009,DORES DO RIO PRETO,36,SRE COMENDADORA JUREMA MORETZ SOHN,1787.0,3520.0,50.76704545454545
32046901,EEEFM ANTONIO CARNEIRO RIBEIRO,3202306,GUACUI,36,SRE COMENDADORA JUREMA MORETZ SOHN,4675.0,10000.0,46.75
32047002,CEEFMTI MONSENHOR MIGUEL DE SANCTIS,3202306,GUACUI,36,SRE COMENDADORA JUREMA MORETZ SOHN,543.0,1840.0,29.51086956521739
32047720,EEEFM PROFESSORA MARIA TRINDADE DE OLIVEIRA,3202454,IBATIBA,36,SRE COMENDADORA JUREMA MORETZ SOHN,6614.0,12680.0,52.1608832807571
32048092,EEEFM ANTONIO LEMOS JUNIOR,3202553,IBITIRAMA,36,SRE COMENDADORA JUREMA MORETZ SOHN,3585.0,6120.0,58.57843137254902
32048106,EEEFM OLAVO RODRIGUES DA COSTA,3202553,IBITIRAMA,36,SRE COMENDADORA JUREMA MORETZ SOHN,2742.0,4320.0,63.47222222222222
32048459,EEEFM BERNARDO HORTA,3202652,IRUPI,36,SRE COMENDADORA JUREMA MORETZ SOHN,4413.0,8040.0,54.88805970149254
32048920,CEEFMTI HENRIQUE COUTINHO,3203007,IUNA,36,SRE COMENDADORA JUREMA MORETZ SOHN,3491.0,8120.0,42.99261083743843
32049242,EEEFM PADRE AFONSO BRAZ,3203007,IUNA,36,SRE COMENDADORA JUREMA MORETZ SOHN,3321.0,5920.0,56.097972972972975
32049536,CEEFMTI BRAULIO FRANCO,3203700,MUNIZ FREIRE,36,SRE COMENDADORA JUREMA MORETZ SOHN,3930.0,5960.0,65.93959731543625
32050364,EEEFM ARQUIMIMO MATTOS,3203700,MUNIZ FREIRE,36,SRE COMENDADORA JUREMA MORETZ SOHN,4019.0,6740.0,59.62908011869436
32050984,EEEFM CANDIDA POVOA,3200508,APIACA,36,SRE COMENDADORA JUREMA MORETZ SOHN,2009.0,4360.0,46.07798165137615
32051328,EEEFM FERNANDO DE ABREU,3200706,ATILIO VIVACQUA,35,SRE CACHOEIRO DE ITAPEMIRIM,3344.0,6660.0,50.210210210210214
32051840,EEEFM HORACIO PLINIO,3201100,BOM JESUS DO NORTE,36,SRE COMENDADORA JUREMA MORETZ SOHN,958.0,2100.0,45.61904761904762
32052103,EEEM CEI ATTILA DE ALMEIDA MIRANDA,3201209,CACHOEIRO DE ITAPEMIRIM,35,SRE CACHOEIRO DE ITAPEMIRIM,10644.0,20080.0,53.00796812749004
32052189,EEEFM AGOSTINHO SIMONATO,3201209,CACHOEIRO DE ITAPEMIRIM,35,SRE CACHOEIRO DE ITAPEMIRIM,4053.0,7640.0,53.04973821989529
32052235,EEEFM BERNARDINO MONTEIRO,3201209,CACHOEIRO DE ITAPEMIRIM,35,SRE CACHOEIRO DE ITAPEMIRIM,2010.0,3540.0,56.779661016949156
32052243,EEEFM CAROLINA PASSOS GAIGHER,3201209,CACHOEIRO DE ITAPEMIRIM,35,SRE CACHOEIRO DE ITAPEMIRIM,1820.0,3060.0,59.47712418300654
32052308,CEEFMTI FRANCISCO COELHO AVILA JUNIOR,3201209,CACHOEIRO DE ITAPEMIRIM,35,SRE CACHOEIRO DE ITAPEMIRIM,3704.0,6960.0,53.2183908045977
32052316,EEEFM FRATERNIDADE E LUZ,3201209,CACHOEIRO DE ITAPEMIRIM,35,SRE CACHOEIRO DE ITAPEMIRIM,4038.0,6500.0,62.12307692307692
32052340,EEEFM PROFESSORA INAH WERNECK,3201209,CACHOEIRO DE ITAPEMIRIM,35,SRE CACHOEIRO DE ITAPEMIRIM,3388.0,6460.0,52.44582043343653
32052405,EEEFM LIONS SEBASTIAO PAIVA VIDAURRE,3201209,CACHOEIRO DE ITAPEMIRIM,35,SRE CACHOEIRO DE ITAPEMIRIM,3115.0,6740.0,46.21661721068249
32052499,EEEFM NEWTRO FERREIRA DE ALMEIDA,3201209,CACHOEIRO DE ITAPEMIRIM,35,SRE CACHOEIRO DE ITAPEMIRIM,1236.0,2440.0,50.65573770491803
32052529,EEEFM PRESIDENTE GETULIO VARGAS,3201209,CACHOEIRO DE ITAPEMIRIM,35,SRE CACHOEIRO DE ITAPEMIRIM,9447.0,17740.0,53.252536640360766
32052545,EEEFM PROF CLAUDIONOR RIBEIRO,3201209,CACHOEIRO DE ITAPEMIRIM,35,SRE CACHOEIRO DE ITAPEMIRIM,3752.0,7220.0,51.96675900277008
32052618,EEEFM PROF HOSANA SALLES,3201209,CACHOEIRO DE ITAPEMIRIM,35,SRE CACHOEIRO DE ITAPEMIRIM,4126.0,7320.0,56.36612021857923
32052634,EEEFM QUINTILIANO DE AZEVEDO,3201209,CACHOEIRO DE ITAPEMIRIM,35,SRE CACHOEIRO DE ITAPEMIRIM,3477.0,7100.0,48.971830985915496
32052650,EEEF SANTA CECILIA,3201209,CACHOEIRO DE ITAPEMIRIM,35,SRE CACHOEIRO DE ITAPEMIRIM,1021.0,1960.0,52.09183673469388
32052693,EEEFM WILSON RESENDE,3201209,CACHOEIRO DE ITAPEMIRIM,35,SRE CACHOEIRO DE ITAPEMIRIM,1735.0,3280.0,52.896341463414636
32052731,CEEFMTI LICEU MUNIZ FREIRE,3201209,CACHOEIRO DE ITAPEMIRIM,35,SRE CACHOEIRO DE ITAPEMIRIM,3021.0,4900.0,61.6530612244898
32052847,EEEFM PROF PETRONILHA VIDIGAL,3201209,CACHOEIRO DE ITAPEMIRIM,35,SRE CACHOEIRO DE ITAPEMIRIM,3020.0,5420.0,55.71955719557196
32053860,EEEFM ZACHEU MOREIRA DA FRAGA,3201209,CACHOEIRO DE ITAPEMIRIM,35,SRE CACHOEIRO DE ITAPEMIRIM,3762.0,6840.0,55.0
32054092,EEEFM JOAO BLEY,3201407,CASTELO,35,SRE CACHOEIRO DE ITAPEMIRIM,9217.0,16740.0,55.05973715651135
32055510,EEEFM JERONIMO MONTEIRO,3203106,JERONIMO MONTEIRO,35,SRE CACHOEIRO DE ITAPEMIRIM,3742.0,7900.0,47.36708860759494
32055820,CEEFMTI ANTONIO ACHA,3203403,MIMOSO DO SUL,35,SRE CACHOEIRO DE ITAPEMIRIM,1403.0,3180.0,44.119496855345915
32055838,EEEFM MONSENHOR ELIAS TOMASI,3203403,MIMOSO DO SUL,35,SRE CACHOEIRO DE ITAPEMIRIM,5913.0,12220.0,48.387888707037646
32057474,EEEFM MARCONDES DE SOUZA,3203809,MUQUI,35,SRE CACHOEIRO DE ITAPEMIRIM,4949.0,7300.0,67.79452054794521
32057504,CEEFMTI SENADOR DIRCEU CARDOSO,3203809,MUQUI,35,SRE CACHOEIRO DE ITAPEMIRIM,1687.0,3840.0,43.932291666666664
32058268,EEEFM MERCES GARCIA VIEIRA,3204807,SAO JOSE DO CALCADO,36,SRE COMENDADORA JUREMA MORETZ SOHN,2287.0,4860.0,47.05761316872428
32058918,EEEFM PRESIDENTE LUEBKE,3205036,VARGEM ALTA,35,SRE CACHOEIRO DE ITAPEMIRIM,3646.0,6700.0,54.417910447761194
32059310,EEEFM AGOSTINHO AGRIZZI,3205036,VARGEM ALTA,35,SRE CACHOEIRO DE ITAPEMIRIM,2330.0,4240.0,54.95283018867924
32059850,EEEFM DOMINGOS JOSE MARTINS,3203320,MARATAIZES,35,SRE CACHOEIRO DE ITAPEMIRIM,8027.0,14060.0,57.09103840682788
32059868,EEEM PROF JOSE VEIGA DA SILVA,3203320,MARATAIZES,35,SRE CACHOEIRO DE ITAPEMIRIM,8227.0,15400.0,53.422077922077925
32059876,EEEF GRAUNA,3202801,ITAPEMIRIM,35,SRE CACHOEIRO DE ITAPEMIRIM,1687.0,2440.0,69.13934426229508
32059906,EEEFM LEOPOLDINO ROCHA,3202801,ITAPEMIRIM,35,SRE CACHOEIRO DE ITAPEMIRIM,6025.0,11540.0,52.20970537261699
32059965,CEEFMTI WASHINGTON PINHEIRO MEIRELLES,3202801,ITAPEMIRIM,35,SRE CACHOEIRO DE ITAPEMIRIM,3010.0,5920.0,50.8445945945946
32060696,EEEFM ANTONIO JACQUES SOARES,3202801,ITAPEMIRIM,35,SRE CACHOEIRO DE ITAPEMIRIM,1761.0,3680.0,47.85326086956522
32060920,EEEFM PRESIDENTE KENNEDY,3204302,PRESIDENTE KENNEDY,35,SRE CACHOEIRO DE ITAPEMIRIM,3594.0,6540.0,54.95412844036697
32061943,EEEFM PROFESSORA MARIA DA PAZ PIMENTEL,3202207,FUNDAO,27,SRE CARAPINA,3814.0,4980.0,76.5863453815261
32062648,EEEM PROFESSOR AGENOR RORIS,3205200,VILA VELHA,28,SRE VILA VELHA,10606.0,21240.0,49.93408662900188
32062710,EEEFM VALDICIO BARBOSA DOS SANTOS,3201605,CONCEICAO DA BARRA,31,SRE SAO MATEUS,545.0,740.0,73.64864864864865
32063199,EEEFM ELZA LEMOS ANDREATTA,3205309,VITORIA,27,SRE CARAPINA,7424.0,20660.0,35.93417231364956
32065027,EEEM AUGUSTO RUSCHI,3205101,VIANA,29,SRE CARIACICA,916.0,3040.0,30.13157894736842
32065043,CEEFMTI EWERTON MONTENEGRO GUIMARAES,3205101,VIANA,29,SRE CARIACICA,932.0,2520.0,36.98412698412698
32065051,EEEM IRMA DULCE LOPES PONTE,3205101,VIANA,29,SRE CARIACICA,6631.0,16900.0,39.23668639053255
32065264,EEEFM FRANCISCA PEIXOTO MIGUEL,3205002,SERRA,27,SRE CARAPINA,5363.0,12160.0,44.10361842105263
32065370,EEEFM PROF MARIA OLINDA DE OLIVEIRA MENEZES,3205002,SERRA,27,SRE CARAPINA,5000.0,7900.0,63.29113924050633
32066333,EEEFM ZUMBI DOS PALMARES - SERRA,3205002,SERRA,27,SRE CARAPINA,6908.0,16020.0,43.1210986267166
32069758,EEEFM ASSENTAMENTO OURO VERDE,3203908,NOVA VENECIA,33,SRE NOVA VENECIA,37.0,60.0,61.666666666666664
32070853,EEEF FRANCISCO ALVES MENDES,3205002,SERRA,27,SRE CARAPINA,4440.0,7720.0,57.512953367875646
32073330,EEEFM MISAEL PINTO NETTO,3200607,ARACRUZ,30,SRE LINHARES,8402.0,15180.0,55.34914361001317
32073445,EEEFM NEA SALLES NUNES PEREIRA,3201308,CARIACICA,29,SRE CARIACICA,4286.0,9580.0,44.73903966597077
32073704,EEPEF MARIA OLINDA DE MENEZES,3204104,PINHEIROS,33,SRE NOVA VENECIA,151.0,160.0,94.375
32073712,EEEFM SATURNINO RIBEIRO DOS SANTOS,3204104,PINHEIROS,33,SRE NOVA VENECIA,229.0,380.0,60.26315789473684
32074425,EEEFM ANTONIO JOSE PEIXOTO MIGUEL,3205002,SERRA,27,SRE CARAPINA,6020.0,14240.0,42.2752808988764
32075936,EEEFM PROFESSORA ANTONIETA BANHOS FERNANDES,3203205,LINHARES,30,SRE LINHARES,3352.0,7680.0,43.645833333333336
32076410,EEEFM DR JOSE MOYSES,3201308,CARIACICA,29,SRE CARIACICA,4171.0,12540.0,33.261562998405104
32078170,EEEFM GUILHERME MILANEZE,3205036,VARGEM ALTA,35,SRE CACHOEIRO DE ITAPEMIRIM,2634.0,3900.0,67.53846153846153
32078315,EEEM SOBREIRO,3203163,LARANJA DA TERRA,37,SRE AFONSO CLAUDIO,773.0,1340.0,57.6865671641791
32078536,EEEM MENINO JESUS,3203700,MUNIZ FREIRE,36,SRE COMENDADORA JUREMA MORETZ SOHN,278.0,600.0,46.333333333333336
32078552,EEEFM ANTONIO SABATINI SIMONI,3203403,MIMOSO DO SUL,35,SRE CACHOEIRO DE ITAPEMIRIM,2375.0,3880.0,61.21134020618557
32078587,EEEFM SANTISSIMA TRINDADE,3203007,IUNA,36,SRE COMENDADORA JUREMA MORETZ SOHN,5967.0,11680.0,51.08732876712329
32078625,EEEFM GUILHERMINA HULDA KRUGER REINHOLZ,3204500,SANTA LEOPOLDINA,29,SRE CARIACICA,273.0,880.0,31.022727272727273
32078650,EEEM DUNAS DE ITAUNAS,3201605,CONCEICAO DA BARRA,31,SRE SAO MATEUS,574.0,1440.0,39.861111111111114
32078722,EEEFM WALLACE CASTELLO DUTRA,3204906,SAO MATEUS,31,SRE SAO MATEUS,5631.0,12820.0,43.92355694227769
32079214,EEEM PROF MARIA CANDIDO KNEIPP,3203700,MUNIZ FREIRE,36,SRE COMENDADORA JUREMA MORETZ SOHN,301.0,520.0,57.88461538461539
32079230,EEEM MARIO GURGEL,3205200,VILA VELHA,28,SRE VILA VELHA,4474.0,14660.0,30.518417462482947
32079338,EEEM PROF RENATO JOSE DA COSTA PACHECO,3205309,VITORIA,27,SRE CARAPINA,10707.0,22680.0,47.20899470899471
32079389,EEEFM VIRGINIA NOVA,3204401,RIO NOVO DO SUL,35,SRE CACHOEIRO DE ITAPEMIRIM,1581.0,2560.0,61.7578125
32079435,EEEM MARIA DALVA GAMA BERNABE,3203908,NOVA VENECIA,33,SRE NOVA VENECIA,1018.0,2220.0,45.85585585585586
32079451,EEEM ZEFERINO OLIOSI,3203908,NOVA VENECIA,33,SRE NOVA VENECIA,208.0,660.0,31.515151515151516
32079478,EEEFM PAULO FREIRE,3203502,MONTANHA,33,SRE NOVA VENECIA,110.0,160.0,68.75
32079486,EEEF OCTAVIANO RODRIGUES DE CARVALHO,3204252,PONTO BELO,33,SRE NOVA VENECIA,160.0,220.0,72.72727272727273
32079842,EEEFM CANDIDO PORTINARI,3205010,SOORETAMA,30,SRE LINHARES,3308.0,7320.0,45.19125683060109
32080220,EEUEF ASSENTAMENTO ADAO PRETTO,3203908,NOVA VENECIA,33,SRE NOVA VENECIA,135.0,160.0,84.375
32080727,EEEM MATA FRIA,3200102,AFONSO CLAUDIO,37,SRE AFONSO CLAUDIO,0.0,0.0,
32080735,EEEFM SERRA SEDE,3205002,SERRA,27,SRE CARAPINA,3637.0,7580.0,47.98153034300792
32080867,CEEMTI BAIXO GUANDU,3200805,BAIXO GUANDU,34,SRE COLATINA,4369.0,7660.0,57.03655352480418
32081294,EEIEFM ALDEIA CAIEIRAS VELHA,3200607,ARACRUZ,30,SRE LINHARES,812.0,1820.0,44.61538461538461
32081391,CEEFMTI SAO PEDRO DR AGESANDRO DA COSTA PEREIRA,3205309,VITORIA,27,SRE CARAPINA,1361.0,3500.0,38.885714285714286
32081618,CEEFMTI JOAQUIM BEATO,3205002,SERRA,27,SRE CARAPINA,1855.0,3880.0,47.80927835051546
32081634,CEEFMTI PASTOR OLIVEIRA DE ARAUJO,3205200,VILA VELHA,28,SRE VILA VELHA,1765.0,4760.0,37.07983193277311
32082037,EEEFM JOSE CUPERTINO,3200102,AFONSO CLAUDIO,37,SRE AFONSO CLAUDIO,4453.0,9540.0,46.677148846960165
32082223,CEEFMTI DR GETUNILDO PIMENTEL,3205002,SERRA,27,SRE CARAPINA,2205.0,5060.0,43.57707509881423
32082231,CEEMTI PAULO FREIRE,3200409,ANCHIETA,28,SRE VILA VELHA,7651.0,13200.0,57.96212121212121
32082274,EEEFM ILDA FERREIRA DA FONSECA MARTINS,3204708,SAO GABRIEL DA PALHA,33,SRE NOVA VENECIA,7955.0,13860.0,57.3953823953824
32082533,CEEFMTI ELISA PAIVA,3201704,CONCEICAO DO CASTELO,37,SRE AFONSO CLAUDIO,1642.0,3120.0,52.62820512820513
32083114,EECOR DE COLATINA,3201506,COLATINA,34,SRE COLATINA,1013.0,1500.0,67.53333333333333
32083840,EEEF PROFESSORA DEUSZUITA RIBEIRO MACHADO,3204054,PEDRO CANARIO,31,SRE SAO MATEUS,593.0,1580.0,37.53164556962025
32094604,EEEM FRANCISCO GUILHERME,3204559,SANTA MARIA DE JETIBA,37,SRE AFONSO CLAUDIO,688.0,1600.0,43.0
32096402,EEUEF ROSANGELA LEITE ALVES,3203502,MONTANHA,33,SRE NOVA VENECIA,96.0,160.0,60.0
32096801,EEEFM AUGUSTO DE OLIVEIRA,3201605,CONCEICAO DA BARRA,31,SRE SAO MATEUS,1948.0,5200.0,37.46153846153846
32102020,EEEFM PAULO DAMIAO TRISTAO PURINHA,3203205,LINHARES,30,SRE LINHARES,428.0,720.0,59.44444444444444
32102046,EEUEF MADRE CRISTINA,3204005,PANCAS,34,SRE COLATINA,0.0,0.0,
32134010,EEEFM VILA NOVA DE COLARES,3205002,SERRA,27,SRE CARAPINA,5470.0,15540.0,35.1994851994852
